stage,repeat,status,cpu_workers,batch_size,images_processed,images_failed,images_skipped,elapsed_seconds,throughput_images_per_sec,dino_ms_image,maskcut_ms_image,io_ms_image,bbox_ms_image,backpressure_seconds,gpu_peak_vram_bytes
smoke,0,ok,1,1,4,0,0,0.6752259589993628,5.923942861923908,127.28798925036244,33.83107299941912,135.8574582509391,0.03785424996749498,2.4990040401462466e-06,0
scaling,0,ok,1,1,4,0,0,0.6737454580033955,5.936960245867574,128.59566625047592,28.652437748860393,133.05461425079557,0.04003100093541434,1.6260055417660624e-06,0
scaling,1,ok,1,1,4,0,0,0.6705197079973004,5.965521896361776,127.77336450017174,31.886354500784364,132.91780250074225,0.03895800000464078,1.6649973986204714e-06,0
scaling,0,ok,2,1,4,0,0,0.6721217500016792,5.951302721553062,128.05328124977677,29.118000001290056,132.9046559994822,0.043562499740801286,1.5830009942874312e-06,0
scaling,1,ok,2,1,4,0,0,0.6730309999984456,5.9432626431906375,128.74214600105915,29.3943542510533,132.46483325019653,0.04172899934928864,1.4169963833410293e-06,0
scaling,0,ok,1,2,4,0,0,0.8316930830005731,4.809466474782794,128.94735425106774,28.856812500634987,135.4813332491176,0.04470824933378026,7.080052455421537e-07,0
scaling,1,ok,1,2,4,0,0,0.827779916999134,4.832202277268083,127.96930199965573,27.950291500019375,134.52280224828428,0.03718750031111995,6.669979484286159e-07,0
scaling,0,ok,2,2,4,0,0,0.8012738750003336,4.9920509388857015,128.1964372492439,32.2301147498365,136.416729249504,0.03587500032153912,6.679983926005661e-07,0
scaling,1,ok,2,2,4,0,0,0.7992281249971711,5.00482887788034,127.56890625041706,32.11051075049909,137.76846874952753,0.03714574995683506,6.669979484286159e-07,0
confirmation,0,ok,2,1,4,0,0,0.6718464580008003,5.953741293662123,127.50841675006086,29.001041250921844,132.79810399944836,0.04597950010065688,1.5000005078036338e-06,0
