model,image,decode_ms,forward_ms,keys_cut_box_write_ms,tokens_cut_box_write_ms,key_boxes,token_boxes
v1,demo1.jpg,36.50974999618484,213.3489159969031,55.43845799547853,54.416124999988824,1,1
v1,bus.jpg,12.367292001727037,212.2496250012773,81.16083400091156,107.25162499875296,7,7
v1,demo3.jpg,227.95924999809358,212.10474999679718,81.58225000079256,80.98083399818279,9,5
v1,demo2.jpg,42.87474999728147,213.999583000259,82.49629100464517,108.93866700644139,4,4
v1,demo4.jpg,207.13929099292727,211.970125004882,54.65066699980525,54.06862499512499,5,5
v2,demo1.jpg,36.348707995784935,328.4241670044139,67.53524999658111,132.06491600431036,12,1
v2,bus.jpg,12.37945899629267,331.2692500039702,69.60962500306778,132.92054200428538,12,1
v2,demo3.jpg,227.47070800687652,329.85387499502394,67.40941599855432,199.5102919972851,12,5
v2,demo2.jpg,42.4734999978682,330.2565420017345,67.41916600003606,133.6708329981775,12,3
v2,demo4.jpg,207.0675829963875,329.5373750006547,67.37420799618121,131.79512500209967,12,6
v3,demo1.jpg,36.46729200409027,216.5508329999284,54.69720900146058,54.31787499401253,1,2
v3,bus.jpg,12.460416997782886,216.06312500080094,54.762916995969135,53.86716599605279,1,2
v3,demo3.jpg,227.35370900045382,217.0561659950181,54.654667001159396,54.08758399426006,3,0
v3,demo2.jpg,42.561417001707014,215.3389579980285,54.89004199625924,54.13508300262038,1,2
v3,demo4.jpg,207.12508300493937,216.95979200012516,55.41316699964227,54.39308300265111,1,2
